Modulo,Turno,Valvula,Frecuencia,Archivos
1,3,5,868,fact_Censo_Plantas.xlsx | fact_Evaluacion_vegetativa.xlsx | fact_Fenologia.xlsx | historico_BI_Cosecha3.xlsx
2,4,5,731,fact_Censo_Plantas.xlsx | fact_Evaluacion_vegetativa.xlsx | fact_Fenologia.xlsx | historico_BI_Cosecha3.xlsx
2,4,6,728,fact_Censo_Plantas.xlsx | fact_Evaluacion_vegetativa.xlsx | fact_Fenologia.xlsx | historico_BI_Cosecha3.xlsx
2,1,6,706,fact_Censo_Plantas.xlsx | fact_Evaluacion_vegetativa.xlsx | fact_Fenologia.xlsx | historico_BI_Cosecha3.xlsx
1,4,5,634,fact_Censo_Plantas.xlsx | fact_Evaluacion_vegetativa.xlsx | fact_Fenologia.xlsx | historico_BI_Cosecha3.xlsx
3,1,11,503,fact_Censo_Plantas.xlsx | fact_Evaluacion_vegetativa.xlsx | fact_Fenologia.xlsx | historico_BI_Cosecha3.xlsx
3,1,10,478,fact_Censo_Plantas.xlsx | fact_Evaluacion_vegetativa.xlsx | fact_Fenologia.xlsx | historico_BI_Cosecha3.xlsx
3,4,8,457,fact_Censo_Plantas.xlsx | fact_Evaluacion_vegetativa.xlsx | fact_Fenologia.xlsx | historico_BI_Cosecha3.xlsx
3,4,10,457,fact_Censo_Plantas.xlsx | fact_Evaluacion_vegetativa.xlsx | fact_Fenologia.xlsx | historico_BI_Cosecha3.xlsx
3,4,9,456,fact_Censo_Plantas.xlsx | fact_Evaluacion_vegetativa.xlsx | fact_Fenologia.xlsx | historico_BI_Cosecha3.xlsx
3,1,8,452,fact_Censo_Plantas.xlsx | fact_Evaluacion_vegetativa.xlsx | fact_Fenologia.xlsx | historico_BI_Cosecha3.xlsx
3,3,10,449,fact_Censo_Plantas.xlsx | fact_Evaluacion_vegetativa.xlsx | fact_Fenologia.xlsx | historico_BI_Cosecha3.xlsx
3,3,8,444,fact_Censo_Plantas.xlsx | fact_Evaluacion_vegetativa.xlsx | fact_Fenologia.xlsx | historico_BI_Cosecha3.xlsx
3,4,11,442,fact_Censo_Plantas.xlsx | fact_Evaluacion_vegetativa.xlsx | fact_Fenologia.xlsx | historico_BI_Cosecha3.xlsx
3,3,11,409,fact_Censo_Plantas.xlsx | fact_Evaluacion_vegetativa.xlsx | fact_Fenologia.xlsx | historico_BI_Cosecha3.xlsx
9,1,6,304,fact_Censo_Plantas.xlsx | fact_Evaluacion_vegetativa.xlsx | fact_Fenologia.xlsx | historico_BI_Cosecha3.xlsx
9,2,7,297,fact_Censo_Plantas.xlsx | fact_Evaluacion_vegetativa.xlsx | fact_Fenologia.xlsx | historico_BI_Cosecha3.xlsx
9,1,7,289,fact_Censo_Plantas.xlsx | fact_Evaluacion_vegetativa.xlsx | fact_Fenologia.xlsx | historico_BI_Cosecha3.xlsx
9,1,5,287,fact_Censo_Plantas.xlsx | fact_Evaluacion_vegetativa.xlsx | fact_Fenologia.xlsx | historico_BI_Cosecha3.xlsx
9,1,4,274,fact_Censo_Plantas.xlsx | fact_Evaluacion_vegetativa.xlsx | fact_Fenologia.xlsx | historico_BI_Cosecha3.xlsx
6,3,8,31,fact_Censo_Plantas.xlsx | fact_Fenologia.xlsx
14,17,1,12,fact_Censo_Plantas.xlsx
10,13,1,6,fact_Censo_Plantas.xlsx
10,2,1,6,fact_Censo_Plantas.xlsx
12,17,1,6,fact_Censo_Plantas.xlsx
10,15,1,6,fact_Censo_Plantas.xlsx
12,10,1,4,fact_Censo_Plantas.xlsx
11,14,1,4,fact_Censo_Plantas.xlsx
11,5,1,4,fact_Censo_Plantas.xlsx
10,16,1,4,fact_Censo_Plantas.xlsx
10,17,1,4,fact_Censo_Plantas.xlsx
10,18,1,4,fact_Censo_Plantas.xlsx
12,9,1,4,fact_Censo_Plantas.xlsx
14,18,1,4,fact_Censo_Plantas.xlsx
12,16,1,4,fact_Censo_Plantas.xlsx
12,18,1,4,fact_Censo_Plantas.xlsx
13,5,1,2,fact_Censo_Plantas.xlsx
9,18,1,2,fact_Censo_Plantas.xlsx
10,10,1,2,fact_Censo_Plantas.xlsx
10,11,1,2,fact_Censo_Plantas.xlsx
10,4,1,2,fact_Censo_Plantas.xlsx
9,17,1,2,fact_Censo_Plantas.xlsx
10,3,1,2,fact_Censo_Plantas.xlsx
10,7,1,2,fact_Censo_Plantas.xlsx
10,8,1,2,fact_Censo_Plantas.xlsx
10,9,1,2,fact_Censo_Plantas.xlsx
6,7,1,2,fact_Censo_Plantas.xlsx
6,5,1,2,fact_Censo_Plantas.xlsx
10,19,1,2,fact_Censo_Plantas.xlsx
10,14,1,2,fact_Censo_Plantas.xlsx
11,3,1,2,fact_Censo_Plantas.xlsx
10,20,1,2,fact_Censo_Plantas.xlsx
11,6,1,2,fact_Censo_Plantas.xlsx
11,4,1,2,fact_Censo_Plantas.xlsx
11,7,1,2,fact_Censo_Plantas.xlsx
11,2,1,2,fact_Censo_Plantas.xlsx
11,11,1,2,fact_Censo_Plantas.xlsx
11,8,1,2,fact_Censo_Plantas.xlsx
11,10,1,2,fact_Censo_Plantas.xlsx
11,9,1,2,fact_Censo_Plantas.xlsx
11,13,1,2,fact_Censo_Plantas.xlsx
10,12,1,2,fact_Censo_Plantas.xlsx
10,6,1,2,fact_Censo_Plantas.xlsx
10,5,1,2,fact_Censo_Plantas.xlsx
11,15,1,2,fact_Censo_Plantas.xlsx
11,12,1,2,fact_Censo_Plantas.xlsx
11,21,1,2,fact_Censo_Plantas.xlsx
11,20,1,2,fact_Censo_Plantas.xlsx
11,19,1,2,fact_Censo_Plantas.xlsx
12,3,1,2,fact_Censo_Plantas.xlsx
12,2,1,2,fact_Censo_Plantas.xlsx
11,24,1,2,fact_Censo_Plantas.xlsx
11,16,1,2,fact_Censo_Plantas.xlsx
9,11,29,2,fact_Evaluacion_vegetativa.xlsx
6,6,1,2,fact_Censo_Plantas.xlsx
9,16,1,2,fact_Censo_Plantas.xlsx
9,14,1,2,fact_Censo_Plantas.xlsx
9,15,1,2,fact_Censo_Plantas.xlsx
9,13,1,2,fact_Censo_Plantas.xlsx
9,12,1,2,fact_Censo_Plantas.xlsx
14,10,1,2,fact_Censo_Plantas.xlsx
13,4,1,2,fact_Censo_Plantas.xlsx
13,6,1,2,fact_Censo_Plantas.xlsx
13,7,1,2,fact_Censo_Plantas.xlsx
13,10,1,2,fact_Censo_Plantas.xlsx
13,11,1,2,fact_Censo_Plantas.xlsx
13,8,1,2,fact_Censo_Plantas.xlsx
13,9,1,2,fact_Censo_Plantas.xlsx
13,14,1,2,fact_Censo_Plantas.xlsx
13,15,1,2,fact_Censo_Plantas.xlsx
13,16,1,2,fact_Censo_Plantas.xlsx
13,17,1,2,fact_Censo_Plantas.xlsx
13,18,1,2,fact_Censo_Plantas.xlsx
13,19,1,2,fact_Censo_Plantas.xlsx
11,18,1,2,fact_Censo_Plantas.xlsx
11,17,1,2,fact_Censo_Plantas.xlsx
12,8,1,2,fact_Censo_Plantas.xlsx
12,7,1,2,fact_Censo_Plantas.xlsx
12,6,1,2,fact_Censo_Plantas.xlsx
12,5,1,2,fact_Censo_Plantas.xlsx
12,4,1,2,fact_Censo_Plantas.xlsx
12,13,1,2,fact_Censo_Plantas.xlsx
12,12,1,2,fact_Censo_Plantas.xlsx
12,11,1,2,fact_Censo_Plantas.xlsx
12,15,1,2,fact_Censo_Plantas.xlsx
12,14,1,2,fact_Censo_Plantas.xlsx
12,19,1,2,fact_Censo_Plantas.xlsx
12,20,1,2,fact_Censo_Plantas.xlsx
13,2,1,2,fact_Censo_Plantas.xlsx
13,3,1,2,fact_Censo_Plantas.xlsx
11,22,1,2,fact_Censo_Plantas.xlsx
11,23,1,2,fact_Censo_Plantas.xlsx
14,15,1,2,fact_Censo_Plantas.xlsx
14,2,1,2,fact_Censo_Plantas.xlsx
14,3,1,2,fact_Censo_Plantas.xlsx
14,4,1,2,fact_Censo_Plantas.xlsx
14,7,1,2,fact_Censo_Plantas.xlsx
14,8,1,2,fact_Censo_Plantas.xlsx
14,5,1,2,fact_Censo_Plantas.xlsx
14,6,1,2,fact_Censo_Plantas.xlsx
14,14,1,2,fact_Censo_Plantas.xlsx
14,9,1,2,fact_Censo_Plantas.xlsx
14,11,1,2,fact_Censo_Plantas.xlsx
14,12,1,2,fact_Censo_Plantas.xlsx
14,16,1,2,fact_Censo_Plantas.xlsx
14,13,1,2,fact_Censo_Plantas.xlsx
13,12,1,2,fact_Censo_Plantas.xlsx
13,13,1,2,fact_Censo_Plantas.xlsx
4,3,1,1,fact_Censo_Plantas.xlsx
4,6,1,1,fact_Censo_Plantas.xlsx
11,2,4,1,fact_Censo_Plantas.xlsx
5,16,1,1,fact_Censo_Plantas.xlsx
5,12,1,1,fact_Censo_Plantas.xlsx
5,13,1,1,fact_Censo_Plantas.xlsx
4,5,1,1,fact_Censo_Plantas.xlsx
5,15,1,1,fact_Censo_Plantas.xlsx
4,7,1,1,fact_Censo_Plantas.xlsx
5,9,1,1,fact_Censo_Plantas.xlsx
5,10,1,1,fact_Censo_Plantas.xlsx
4,8,1,1,fact_Censo_Plantas.xlsx
4,4,1,1,fact_Censo_Plantas.xlsx
5,11,1,1,fact_Censo_Plantas.xlsx
5,14,1,1,fact_Censo_Plantas.xlsx
13,19,13,1,historico_BI_Cosecha3.xlsx
